region,avg_sales,rnk
South,246.34805889803695,1
East,243.90205152394708,2
West,230.2263131655374,3
Central,220.2658729203543,4
